{
  "RedTeam": 1,
  "RedCorner": 3,
  "GreenTeam": 18,
  "GreenCorner": 1,
  "Red_LL_x": 0,
  "Red_LL_y": 5,
  "Red_UR_x": 4,
  "Red_UR_y": 9,
  "Green_LL_x": 10,
  "Green_LL_y": 0,
  "Green_UR_x": 15,
  "Green_UR_y": 4,
  "Island_LL_x": 6,
  "Island_LL_y": 5,
  "Island_UR_x": 15,
  "Island_UR_y": 9,
  "TNR_LL_x": 4,
  "TNR_LL_y": 7,
  "TNR_UR_x": 6,
  "TNR_UR_y": 8,
  "TNG_LL_x": 10,
  "TNG_LL_y": 3,
  "TNG_UR_x": 11,
  "TNG_UR_y": 5,
  "SZR_LL_x": 6,
  "SZR_LL_y": 5,
  "SZR_UR_x": 10,
  "SZR_UR_y": 9,
  "SZG_LL_x": 11,
  "SZG_LL_y": 5,
  "SZG_UR_x": 15,
  "SZG_UR_y": 9,
  "RRL_x": 9,
  "RRL_y": 7,
  "RRR_x": 10,
  "RRR_y": 7,
  "GRL_x": 12,
  "GRL_y": 7,
  "GRR_x": 13,
  "GRR_y": 7
}
